"GEOID","POPTOTAL","HHTOTAL","AGEUNDER18","AGE18_39","AGE40_64","AGE65UP"
"27001770100",2245,1087,343,324,876,702
"27001770200",2166,1095,403,362,847,554
"27001770300",3466,1580,783,873,972,838
"27001770400",3021,1548,452,570,1128,871
"27001790501",1810,861,314,221,654,621
"27001790502",3014,1469,412,338,1130,1134
"27003050107",2811,1027,739,939,842,291
"27003050108",5070,1728,1364,1784,1588,334
"27003050109",5264,1739,1324,1547,1908,485
"27003050110",2634,943,558,714,1143,219
"27003050111",3720,1338,887,977,1458,398
"27003050114",2805,1009,662,599,1138,406
"27003050115",5529,1851,1421,1300,2275,533
"27003050116",4562,1495,1189,999,1916,458
"27003050208",3327,1118,834,929,1289,275
"27003050210",3980,1542,730,904,1732,614
"27003050215",4288,1453,1060,1020,1497,711
"27003050216",5692,1840,1548,1220,2300,624
"27003050217",3027,929,769,859,1131,268
"27003050218",3159,1101,697,727,1312,423
"27003050219",2883,1059,665,637,1193,388
"27003050220",6777,2251,1982,1559,2593,643
"27003050221",7221,2163,2403,1630,2594,594
"27003050222",5512,1687,1650,1226,2274,362
"27003050223",2952,941,592,807,1233,320
"27003050224",3087,1010,733,890,1169,295
"27003050225",6548,2120,1858,1913,2207,570
"27003050226",3068,1065,754,883,1156,275
"27003050227",4581,1563,1265,1457,1475,384
"27003050228",5093,1845,1430,1710,1554,399
"27003050229",5419,1548,1229,1710,2140,340
"27003050230",2326,717,736,473,980,137
"27003050232",3907,1296,1173,960,1445,329
"27003050233",3205,1145,799,781,1405,220
"27003050234",3080,1023,692,835,1230,323
"27003050235",2818,1068,680,742,1048,348
"27003050236",4293,1352,1239,829,1989,236
"27003050237",5515,1937,1590,1252,2179,494
"27003050401",2664,1061,604,704,1019,337
"27003050402",3550,1649,695,1012,1099,744
"27003050501",3480,1497,643,1137,986,714
"27003050504",2621,1153,580,682,960,399
"27003050505",5010,1834,1087,1344,1836,743
"27003050602",2583,913,599,891,755,338
"27003050605",5931,2165,1562,2068,1479,822
"27003050606",1897,823,407,462,680,348
"27003050607",4640,1749,1179,1365,1481,615
"27003050608",4668,2011,1014,1623,1611,420
"27003050609",3325,1346,681,854,1262,528
"27003050610",6642,2539,1424,2255,2086,877
"27003050702",3073,1189,551,887,1205,430
"27003050704",4632,1804,971,1161,1636,864
"27003050706",3351,1290,893,1126,934,398
"27003050707",6380,2155,1606,1493,2249,1032
"27003050709",2350,1089,326,624,984,416
"27003050710",3562,1412,790,904,1317,551
"27003050711",4843,1741,936,1511,1826,570
"27003050712",4282,1705,985,1327,1402,568
"27003050805",6809,2348,1854,2045,2230,680
"27003050806",6497,2354,1704,2245,1950,598
"27003050807",3261,1324,600,1010,1171,480
"27003050808",2113,855,433,576,721,383
"27003050809",6161,2168,1597,1665,2344,555
"27003050810",4021,1825,771,1089,1540,621
"27003050811",2728,1159,530,722,953,523
"27003050813",6955,2419,1893,1873,2624,565
"27003050816",5008,1794,1372,1190,1918,528
"27003050818",5447,1954,1599,1652,1772,424
"27003050819",4258,1460,1278,1009,1495,476
"27003050820",3195,1094,947,902,1044,302
"27003050821",4757,1861,1442,1279,1553,483
"27003050901",1965,752,517,568,717,163
"27003050902",4947,1994,1106,1287,1839,715
"27003051001",2739,1171,525,718,1016,480
"27003051002",3532,1452,789,785,1322,636
"27003051101",4710,2107,1131,1395,1487,697
"27003051102",4758,1642,1278,1363,1406,711
"27003051103",3239,1223,782,1156,940,361
"27003051201",3515,1547,874,1344,969,328
"27003051202",3149,1331,612,1032,1049,456
"27003051203",5648,2196,1111,1828,1754,955
"27003051206",2428,979,425,901,792,310
"27003051302",3888,1537,653,1339,1126,770
"27003051304",2342,983,481,777,787,297
"27003051305",3001,1231,664,983,1013,341
"27003051400",5161,2042,1294,1914,1507,446
"27003051501",3143,1286,853,722,1119,449
"27003051502",2953,1246,483,1049,861,560
"27003051600",5284,1898,1203,1150,2246,685
"27005450100",2872,1063,848,594,941,489
"27005450200",2406,857,707,464,811,424
"27005450300",5120,1935,1253,1209,1786,872
"27005450400",2476,995,503,507,977,489
"27005450500",4344,1850,1088,1528,1047,681
"27005450600",3644,1728,754,912,1020,958
"27005450700",3342,1426,696,653,1194,799
"27005450800",2303,912,538,498,851,416
"27005450900",3040,1282,639,548,1178,675
"27005940000",3828,1447,1170,784,1287,587
"27007450100",6400,2366,1642,1772,2103,883
"27007450200",6847,2875,1543,1746,2057,1501
"27007450300",4322,1701,969,844,1735,774
"27007450400",2874,1124,712,628,963,571
"27007450500",1589,665,353,321,592,323
"27007450600",5111,1660,722,3300,762,327
"27007450701",4803,1804,1228,1498,1429,648
"27007450702",5462,2427,1241,1937,1426,858
"27007940001",5959,1513,2461,1921,1245,332
"27007940002",2277,771,660,546,710,361
"27009020100",5699,2108,1445,1466,1974,814
"27009020202",2800,1018,769,682,980,369
"27009020203",2554,922,723,862,734,235
"27009020205",3150,1180,753,696,1264,437
"27009020206",2591,1236,424,564,732,871
"27009020300",3199,1173,895,845,1010,449
"27009021101",8335,3201,2247,2863,2220,1005
"27009021102",4565,1945,1104,1564,1308,589
"27009021200",6564,2943,1360,2595,1952,657
"27011950100",1467,617,343,297,533,294
"27011950200",1645,685,348,288,553,456
"27011950300",1986,924,366,458,605,557
"27013170100",4786,1854,1204,1459,1583,540
"27013170200",5988,2207,1688,1996,1502,802
"27013170300",3139,1268,616,1253,760,510
"27013170400",3557,1648,555,1249,784,969
"27013170500",4599,2025,896,1576,1423,704
"27013170600",2147,971,275,1281,391,200
"27013170700",2861,1272,227,1766,768,100
"27013170800",4980,1995,1123,1532,1693,632
"27013170900",3227,1223,678,784,1147,618
"27013171000",3478,1343,962,814,1156,546
"27013171101",6465,1611,401,5400,512,152
"27013171202",6180,2583,775,3709,1053,643
"27013171300",3790,1396,945,819,1507,519
"27013171400",3547,1307,952,821,1158,616
"27013171500",2795,1115,663,667,997,468
"27013171600",3985,1263,897,1986,735,367
"27015960101",1959,941,447,552,640,320
"27015960102",1244,587,249,349,395,251
"27015960200",4540,1546,846,1600,1401,693
"27015960300",2933,1447,569,770,1019,575
"27015960400",4344,1887,897,884,1467,1096
"27015960500",3738,1525,913,967,1133,725
"27015960600",3172,1274,854,606,950,762
"27015960700",3397,1434,728,669,1368,632
"27017070100",5262,2000,1164,1473,1815,810
"27017070200",4075,1653,1119,1087,1142,727
"27017070300",5232,1826,1379,1076,2113,664
"27017070400",7870,2896,1874,2095,2642,1259
"27017070500",6824,2450,1199,1806,2576,1243
"27017070600",3324,1391,694,669,1305,656
"27017940000",2895,1073,652,844,961,438
"27019090100",5934,2350,1470,1761,1957,746
"27019090200",4116,1448,1063,1257,1366,430
"27019090301",7027,2720,1811,1450,2486,1280
"27019090302",5281,1712,1802,1527,1709,243
"27019090401",5549,1740,1486,1721,1789,553
"27019090402",5709,1899,1771,1182,2265,491
"27019090501",2371,784,722,461,936,252
"27019090502",3213,1010,1159,634,1277,143
"27019090503",2562,917,708,582,1045,227
"27019090601",4247,1613,1009,1198,1487,553
"27019090602",2966,977,791,754,1215,206
"27019090701",6707,2488,1603,1709,2586,809
"27019090702",2730,911,921,716,921,172
"27019090800",8617,3400,2141,2418,3310,748
"27019090900",5351,1923,1432,1282,2277,360
"27019091000",10721,3907,3403,3181,3151,986
"27019091100",6403,2184,1896,1567,2468,472
"27019091201",4893,1989,1229,1203,1765,696
"27019091202",2746,1018,729,755,947,315
"27021940001",4159,1908,810,733,1445,1171
"27021940002",2928,1140,995,704,806,423
"27021960100",1988,973,349,331,743,565
"27021960200",2308,1092,392,323,802,791
"27021960301",884,480,45,61,307,471
"27021960302",1194,596,141,127,445,481
"27021960600",2995,1419,616,731,1012,636
"27021960700",4262,1857,958,1013,1552,739
"27021960801",3514,1472,786,752,1341,635
"27021960802",4401,1869,1000,1066,1457,878
"27023950300",1951,807,439,429,722,361
"27023950400",2205,835,574,508,667,456
"27023950500",2223,820,566,541,784,332
"27023950600",5747,2535,1209,1438,1833,1267
"27025110100",3870,1452,875,763,1567,665
"27025110200",7039,2307,1469,2317,2388,865
"27025110301",4111,1437,1008,1315,1357,431
"27025110302",6046,2242,1682,1626,2024,714
"27025110401",8642,3095,2181,2176,3183,1102
"27025110402",4622,1687,1117,1203,1840,462
"27025110501",3685,1626,766,812,1417,690
"27025110502",7270,2900,1390,1430,2832,1618
"27025110600",4740,1594,1128,1038,2085,489
"27025110700",4016,1450,1115,1149,1312,440
"27027020100",5128,2094,1167,1695,1484,782
"27027020202",2390,1143,468,759,732,431
"27027020300",2888,1235,472,1201,850,365
"27027020400",5085,873,388,4174,413,110
"27027020500",5777,2237,1218,2111,1313,1135
"27027020600",4125,1807,782,1575,1127,641
"27027030102",5800,2314,1578,1728,1604,890
"27027030103",7723,3083,2005,2917,2134,667
"27027030104",8137,2767,2412,2779,2303,643
"27027030106",2137,769,556,536,802,243
"27027030107",1771,696,426,389,748,208
"27027030201",5772,2188,1655,1462,1771,884
"27027030202",4669,1828,1269,1081,1579,740
"27029000100",2747,1100,701,628,827,591
"27029000200",2852,1086,750,610,1045,447
"27029000300",3165,1249,718,696,1088,663
"27031480100",3496,1827,507,749,1402,838
"27031480200",1719,834,315,239,719,446
"27031990000",0,0,0,0,0,0
"27033270100",2867,1149,767,735,815,550
"27033270200",2437,1005,586,418,770,663
"27033270300",3322,1401,736,785,1067,734
"27033270400",2931,1267,657,754,878,642
"27035950100",1830,878,187,210,794,639
"27035950204",1451,727,160,170,624,497
"27035950400",5546,2209,1340,1175,1826,1205
"27035950501",2739,1152,457,523,999,760
"27035950502",2355,1027,447,481,917,510
"27035950700",6162,2592,1429,1425,1931,1377
"27035950800",4945,1914,1091,1063,1718,1073
"27035950900",5442,2100,1167,1161,2176,938
"27035951000",3958,1699,866,1196,1308,588
"27035951100",4697,2010,1191,1727,1127,652
"27035951200",2795,1216,811,998,556,430
"27035951301",4741,1925,1131,1310,1535,765
"27035951302",6061,2593,1621,1406,1859,1175
"27035951400",5288,1990,1289,1310,1929,760
"27035951600",2551,1108,459,451,908,733
"27035951700",2760,1258,414,366,1004,976
"27037060101",3535,1411,835,1076,1224,400
"27037060102",2636,1163,561,939,855,281
"27037060103",2423,995,527,549,933,414
"27037060104",5695,2573,1480,1386,1649,1180
"27037060105",5490,2184,1126,2009,1400,955
"27037060201",2854,976,777,867,801,409
"27037060202",3368,1432,826,964,1008,570
"27037060301",4271,1871,1146,1297,1452,376
"27037060302",3610,1429,833,1149,1244,384
"27037060401",2478,1036,627,873,727,251
"27037060402",3452,1416,796,1169,1106,381
"27037060502",4619,1823,1161,1456,1451,551
"27037060503",4881,1900,1203,1076,1948,654
"27037060505",5791,2451,1451,2144,1409,787
"27037060506",5462,2483,913,1527,1789,1233
"27037060507",3548,1380,713,923,1331,581
"27037060508",5985,1902,1776,1141,2451,617
"27037060509",5327,2233,1053,1213,2062,999
"27037060603",4486,1815,960,712,1729,1085
"27037060604",3468,1556,499,544,1394,1031
"27037060605",1593,666,337,495,516,245
"27037060606",2754,1158,547,510,1171,526
"27037060709",5406,2007,1449,1722,1658,577
"27037060710",3804,1526,972,1273,1108,451
"27037060711",4596,2080,903,1736,1026,931
"27037060713",2991,1162,681,817,957,536
"27037060714",4710,1802,1119,1258,1761,572
"27037060716",3856,1420,848,1495,1198,315
"27037060717",2128,864,535,787,672,134
"27037060721",2651,1217,507,1131,773,240
"27037060725",3775,1759,798,1530,977,470
"27037060726",2689,1289,432,1159,722,376
"27037060727",3050,1402,667,1072,884,427
"27037060728",4838,1891,1241,1274,1907,416
"27037060729",3849,1510,864,754,1659,572
"27037060730",5992,2009,1723,1302,2726,241
"27037060731",4517,1646,1134,940,1924,519
"27037060732",5559,1792,1651,1291,2330,287
"27037060733",4129,1670,986,1295,1334,514
"27037060734",4387,1670,927,1072,1983,405
"27037060735",5157,2028,1143,1840,1585,589
"27037060737",4871,2277,805,1657,1419,990
"27037060738",3321,1303,839,994,1095,393
"27037060739",5666,1919,1576,1578,2062,450
"27037060741",7283,2909,1598,2670,2258,757
"27037060742",3459,1301,681,670,1528,580
"27037060743",1672,594,485,685,419,83
"27037060744",1535,552,388,299,684,164
"27037060745",4454,1833,1143,1359,1356,596
"27037060746",3434,1522,687,1148,1076,523
"27037060747",3747,1568,944,1245,963,595
"27037060748",3416,1386,854,930,1249,383
"27037060749",1559,853,203,596,492,268
"27037060750",4531,1953,1057,1609,1176,689
"27037060805",3136,1181,932,1080,970,154
"27037060806",5548,2059,1185,1379,1960,1024
"27037060811",5078,2123,962,1353,1809,954
"27037060812",6139,2148,1565,1660,2228,686
"27037060813",4675,1768,1193,884,1885,713
"27037060814",6335,2192,1531,1751,2545,508
"27037060815",5164,1811,1490,1055,2031,588
"27037060816",5890,1696,2111,1112,2381,286
"27037060817",8723,2939,2606,2542,2965,610
"27037060818",7469,2665,2357,2285,2446,381
"27037060819",6660,2065,2039,1729,2629,263
"27037060820",8072,2585,2363,2275,2831,603
"27037060821",6798,2575,2102,1917,1908,871
"27037060822",1252,474,308,235,535,174
"27037060823",3815,1287,917,803,1654,441
"27037060824",3716,1423,786,921,1206,803
"27037060825",6946,2487,1789,1437,3029,691
"27037060826",7577,3067,1693,2296,2652,936
"27037060828",4179,1672,1162,1314,1336,367
"27037060829",3216,1395,850,1155,980,231
"27037060902",4714,1727,1465,1219,1578,452
"27037060904",3632,1468,855,1227,1188,362
"27037060905",5437,1819,1851,1989,1332,265
"27037060906",3352,1146,1006,698,1340,308
"27037060907",7251,2262,2492,2118,2412,229
"27037061001",3494,1296,830,806,1393,465
"27037061003",1396,554,291,309,562,234
"27037061004",6332,2012,2043,1122,2593,574
"27037061005",2513,943,641,854,765,253
"27037061007",4866,1748,1262,1231,1894,479
"27037061008",2061,824,510,569,709,273
"27037061009",5931,1992,2136,1654,1746,395
"27037061102",5036,2003,1069,1666,1424,877
"27037061105",2432,961,566,675,801,390
"27037061106",3096,1477,686,752,1050,608
"27037061107",6299,2473,1334,1520,2421,1024
"27037061108",6134,2354,1269,2018,2132,715
"27037061401",3121,1106,697,652,1347,425
"27037061402",3756,1388,899,937,1444,476
"27037061501",2491,896,492,523,1076,400
"27037061502",2912,1068,726,549,1094,543
"27039950100",4529,1629,1144,998,1833,554
"27039950200",4073,1501,1204,1010,1311,548
"27039950300",2484,963,628,658,858,340
"27039950400",3527,1321,890,792,1313,532
"27039950500",5748,2169,1745,1700,1587,716
"27041450100",3140,1255,626,636,1142,736
"27041450200",3741,1524,830,760,1290,861
"27041450500",4563,1783,1029,968,1660,906
"27041450600",5828,2698,1356,1597,1659,1216
"27041450701",5431,2625,890,2103,1313,1125
"27041450702",2769,1205,501,674,853,741
"27041450800",3528,1394,861,800,1152,715
"27041450900",3434,1369,781,651,1334,668
"27041451000",4428,1835,949,887,1583,1009
"27043460100",1865,808,394,432,658,381
"27043460200",2189,982,451,565,708,465
"27043460300",1844,786,451,373,647,373
"27043460400",3289,1559,671,688,1026,904
"27043460500",2282,1029,457,550,788,487
"27043460600",2650,1183,635,544,898,573
"27045960100",3515,1347,883,802,1115,715
"27045960200",4509,1820,1114,1086,1540,769
"27045960300",3500,1545,763,869,1158,710
"27045960400",3225,1264,840,767,947,671
"27045960500",3113,1248,820,640,1018,635
"27045960600",3015,1316,589,604,1086,736
"27047180100",2921,1113,769,587,1061,504
"27047180200",2491,1044,476,543,1009,463
"27047180300",3393,1402,779,701,1185,728
"27047180400",3150,1339,619,577,1060,894
"27047180500",4188,1842,882,796,1402,1108
"27047180600",3912,1743,853,1104,1154,801
"27047180700",2580,998,577,497,876,630
"27047180800",2498,1033,555,844,760,339
"27047180900",3336,1571,710,947,1007,672
"27047181000",2282,961,504,458,858,462
"27049080101",3784,1870,589,1037,1141,1017
"27049080102",5852,2455,1302,1551,1999,1000
"27049080200",7393,2910,1823,1666,2449,1455
"27049080300",3926,1647,746,695,1605,880
"27049080400",4126,1530,1030,1043,1513,540
"27049080500",3329,1276,677,711,1410,531
"27049080600",4603,1904,1017,1381,1393,812
"27049080700",3498,1407,769,779,1301,649
"27049080800",4173,1646,1046,1138,1400,589
"27049080900",5766,2406,1581,1164,1966,1055
"27051070100",3217,1392,720,743,1021,733
"27051070200",2726,1155,581,585,916,644
"27053000101",3226,1098,893,1114,903,316
"27053000102",5475,1787,1716,1864,1486,409
"27053000300",3200,1364,544,1133,1260,263
"27053000601",5051,1972,837,2158,1635,421
"27053000603",2843,1249,556,1048,916,323
"27053001100",2036,852,398,918,602,118
"27053001700",2282,958,452,1180,536,114
"27053002200",1441,394,614,508,256,63
"27053002400",2276,1172,362,1074,607,233
"27053002700",2754,861,801,991,707,255
"27053003200",1782,611,526,622,466,168
"27053003300",2392,662,897,873,520,102
"27053003800",5498,2024,121,4805,480,92
"27053005901",3061,1628,288,1093,975,705
"27053005902",3020,1024,887,1312,715,106
"27053006800",4011,2366,339,2459,1075,138
"27053007700",3727,2064,634,2285,752,56
"27053007801",1837,652,562,845,391,39
"27053008100",3415,1899,242,2141,810,222
"27053008200",4645,2084,726,2124,1245,550
"27053008300",2201,588,729,848,541,83
"27053008400",2895,783,783,1257,743,112
"27053008500",4754,1515,1425,2143,957,229
"27053009500",3195,1050,911,1313,702,269
"27053009600",3592,1383,905,1382,1164,141
"27053010600",2842,1157,730,459,1306,347
"27053010700",2493,945,701,506,999,287
"27053011000",3692,1549,782,1171,1387,352
"27053011703",4252,1681,983,1049,1763,457
"27053011704",3177,1303,762,801,1269,345
"27053011800",4776,2017,914,1697,1648,517
"27053011998",4240,1996,694,1373,1440,733
"27053012001",5735,2373,1239,1629,2154,713
"27053012003",5247,2141,1271,2126,1323,527
"27053012101",3006,1259,788,1173,874,171
"27053012102",2922,1344,461,979,1158,324
"27053020101",3233,1178,768,818,1101,546
"27053020102",2249,1045,446,658,618,527
"27053020200",8035,2843,2432,2958,1890,755
"27053020301",2622,892,734,819,773,296
"27053020302",2515,944,727,773,684,331
"27053020303",3539,1191,845,1125,1124,445
"27053020304",3197,1180,852,1094,911,340
"27053020400",4891,1893,1279,1681,1335,596
"27053020500",3705,1277,1094,1094,1148,369
"27053020600",2281,825,680,646,574,381
"27053020700",4175,1605,826,1332,1452,565
"27053020801",2060,866,540,540,744,236
"27053020804",3086,1243,606,982,1105,393
"27053020902",2233,905,525,639,741,328
"27053020903",3354,1331,658,1012,1220,464
"27053021001",5673,2470,1234,1810,1837,792
"27053021002",1992,888,394,554,604,440
"27053021100",1914,808,384,734,603,193
"27053021200",4550,1823,967,1402,1606,575
"27053021300",4744,2238,1134,1667,1143,800
"27053021400",3174,1238,729,1072,1082,291
"27053021501",4195,1648,842,912,1326,1115
"27053021502",4117,1553,1168,1374,910,665
"27053021503",4960,2105,1197,1577,1416,770
"27053021504",3364,1477,659,970,1133,602
"27053021505",4387,1866,979,1300,1431,677
"27053021601",4226,1860,717,1072,1613,824
"27053021602",6088,2519,1306,1317,2067,1398
"27053021700",5151,2228,1026,1000,2281,844
"27053021800",2106,981,408,362,864,472
"27053021900",3469,1454,600,977,1192,700
"27053022000",1521,932,107,844,416,154
"27053022101",2628,1167,528,1181,687,232
"27053022102",2711,1299,505,1013,797,396
"27053022200",4480,2194,714,1589,1543,634
"27053022301",2212,1020,256,538,703,715
"27053022302",3107,1385,619,1101,853,534
"27053022400",3988,1594,1103,1158,1237,490
"27053022700",4419,1900,940,1826,1259,394
"27053022801",2041,792,454,405,815,367
"27053022802",3326,1913,455,1551,836,484
"27053022901",5131,2786,894,1571,1609,1057
"27053022902",1663,654,433,435,638,157
"27053023000",4452,2248,723,2112,1271,346
"27053023100",1839,642,582,282,771,204
"27053023200",5849,2740,1124,2653,1459,613
"27053023300",6097,2646,1527,1897,1918,755
"27053023400",6131,2702,1514,2243,1530,844
"27053023501",3718,1776,795,673,1444,806
"27053023502",5395,2406,1176,1082,1984,1153
"27053023600",3888,1345,1245,443,1622,578
"27053023700",4616,1863,1233,637,1752,994
"27053023801",5303,1915,1537,1120,2048,598
"27053023802",2885,1111,816,781,909,379
"27053023901",3520,1265,954,532,1456,578
"27053023902",2128,699,606,255,815,452
"27053023903",3227,1521,644,423,1190,970
"27053024003",5038,2113,1177,1715,1558,588
"27053024004",4181,2646,365,818,1031,1967
"27053024005",2196,1246,221,683,639,653
"27053024006",2042,777,556,257,787,442
"27053024100",3601,1466,779,1193,1107,522
"27053024200",3043,1290,582,1026,1130,305
"27053024300",4589,1952,1118,2110,983,378
"27053024400",3789,2316,384,1054,895,1456
"27053024500",2315,885,383,729,819,384
"27053024600",3915,1776,831,1181,1342,561
"27053024700",3219,1253,783,991,1025,420
"27053024801",2426,886,599,767,785,275
"27053024802",2729,1076,603,1053,571,502
"27053024901",1003,339,286,349,284,84
"27053024902",2781,816,895,1014,595,277
"27053024903",2502,833,798,842,663,199
"27053025100",2762,1247,495,1024,871,372
"27053025201",5296,1845,1495,1717,1647,437
"27053025205",5370,1915,1165,1746,1809,650
"27053025301",2762,1207,468,478,1036,780
"27053025302",4277,1847,888,1201,1487,701
"27053025401",4071,1568,975,1226,1268,602
"27053025403",4080,1694,841,1507,1181,551
"27053025601",2371,1135,442,626,776,527
"27053025603",3966,1590,721,1032,1407,806
"27053025605",3555,1661,557,1305,1019,674
"27053025701",6810,2878,1486,1933,2212,1179
"27053025702",4506,1953,763,977,1571,1195
"27053025801",3064,1532,373,1184,971,536
"27053025802",2231,908,423,491,872,445
"27053025803",3003,1284,575,744,1110,574
"27053025805",2782,1022,516,599,881,786
"27053025903",6241,2771,1102,1402,2300,1437
"27053025905",3572,1653,483,479,1250,1360
"27053025906",6120,2727,1142,1750,2418,810
"27053025907",4591,2128,697,1045,1907,942
"27053026005",3820,1506,912,1027,1432,449
"27053026006",2926,1382,605,884,1049,388
"27053026007",4845,2076,1123,1536,1535,651
"27053026013",4738,1650,1149,1069,2101,419
"27053026014",5155,1991,1241,1051,2265,598
"27053026015",5340,2086,1278,1244,2256,562
"27053026016",6949,2746,1542,1618,2900,889
"27053026018",7385,2651,2069,1621,3008,687
"27053026019",6124,2606,1385,2605,1657,477
"27053026020",4686,2045,1123,1466,1190,907
"27053026021",4323,1655,1113,707,2098,405
"27053026022",6915,2321,2053,1458,2998,406
"27053026101",3188,1277,707,583,1239,659
"27053026103",2864,1126,638,642,1020,564
"27053026104",4364,2285,630,1751,1170,813
"27053026201",3386,1166,921,509,1370,586
"27053026202",2770,1135,641,449,1136,544
"27053026205",3232,1286,771,703,1355,403
"27053026206",3441,1476,644,504,1222,1071
"27053026207",4135,1770,1001,929,1549,656
"27053026208",3198,1222,716,814,1155,513
"27053026301",3430,1449,650,759,1269,752
"27053026302",3338,1352,727,582,1521,508
"27053026402",5866,3226,874,2306,1706,980
"27053026403",3236,1680,555,906,929,846
"27053026404",5203,2303,890,984,2165,1164
"27053026505",3651,1492,687,1022,1282,660
"27053026507",4733,2139,958,1473,1551,751
"27053026508",4886,2184,792,1330,1935,829
"27053026509",4609,1747,949,1062,2072,526
"27053026510",3580,1693,530,1295,1257,498
"27053026511",3667,1527,776,1491,1211,189
"27053026512",6174,2607,1043,1716,2175,1240
"27053026514",4795,2276,816,2036,1183,760
"27053026605",3545,1352,906,561,1397,681
"27053026606",5074,1811,1389,1306,1668,711
"27053026609",2893,1174,609,671,1018,595
"27053026610",4596,1659,1033,977,1740,846
"27053026611",4749,2403,1012,1320,1620,797
"27053026612",10227,3881,3041,2605,3780,801
"27053026613",8241,2800,2461,1706,3045,1029
"27053026702",2612,1177,405,759,722,726
"27053026706",3583,1329,683,933,1421,546
"27053026707",4743,1823,922,1305,2046,470
"27053026708",5743,2295,1377,1392,2237,737
"27053026710",8772,3852,1874,2601,3219,1078
"27053026711",2815,1211,667,809,1022,317
"27053026712",3172,1410,716,740,1235,481
"27053026713",4293,1888,943,1084,1696,570
"27053026714",9989,3893,2457,2578,3736,1218
"27053026715",15391,4925,5609,3418,5555,809
"27053026716",8468,2833,2309,2241,3234,684
"27053026807",5789,2244,1368,1750,1794,877
"27053026809",5483,1851,1834,2169,1275,205
"27053026810",5920,2073,1784,2203,1516,417
"27053026811",5764,1817,1975,1708,1530,551
"27053026812",6310,2132,1960,1778,1918,654
"27053026814",6538,1941,1891,2123,2004,520
"27053026815",5364,1792,1286,1785,1792,501
"27053026816",6635,2214,1871,2020,2100,644
"27053026818",5096,1693,1548,1605,1383,560
"27053026819",4645,2082,1416,1835,1154,240
"27053026820",11819,3670,3642,3295,4107,775
"27053026822",4792,1850,960,1016,1906,910
"27053026823",4668,1485,1050,1350,1660,608
"27053026903",4474,1636,1143,1285,1515,531
"27053026906",7846,2770,2029,2042,3065,710
"27053026907",5577,1966,1568,1247,2228,534
"27053026908",6032,2298,1628,1593,2543,268
"27053026909",12829,4272,3888,3021,4489,1431
"27053026910",5031,1747,1261,1175,2055,540
"27053027001",3185,1103,848,628,1355,354
"27053027002",5499,1998,1371,1037,2215,876
"27053027101",6305,2200,1900,1043,2585,777
"27053027102",5572,1973,1271,1145,2527,629
"27053027201",6376,2481,1495,1200,2589,1092
"27053027202",1704,733,377,288,795,244
"27053027203",3824,1839,638,779,1499,908
"27053027300",4296,2081,780,723,1646,1147
"27053027400",4235,1523,1222,524,1883,606
"27053027501",4634,2108,843,1114,1875,802
"27053027503",4216,1509,1246,633,1739,598
"27053027504",3307,1252,857,442,1468,540
"27053027601",3862,1659,886,959,1493,524
"27053027602",5444,2363,899,1692,2209,644
"27053027700",9559,3264,2731,2000,3796,1032
"27053100200",3400,1616,710,827,1492,371
"27053100400",3247,1073,1056,1134,882,175
"27053100500",2149,972,449,829,561,310
"27053100700",2980,1157,878,865,1022,215
"27053100800",3676,1236,1046,1270,1208,152
"27053100900",4700,1508,1499,1713,1088,400
"27053101200",4488,2088,830,1642,1506,510
"27053101300",1976,560,592,822,459,103
"27053101600",2374,863,865,693,696,120
"27053101800",4283,1513,1164,1779,1113,227
"27053101900",2643,1445,328,1140,687,488
"27053102000",2524,842,814,805,719,186
"27053102100",2463,692,951,989,408,115
"27053102300",1415,679,401,331,518,165
"27053102500",2900,1323,361,1464,808,267
"27053102600",1757,697,265,935,449,108
"27053102800",3261,961,1224,1006,731,300
"27053102900",1476,446,529,466,382,99
"27053103000",1727,753,170,804,398,355
"27053103100",2168,1140,244,974,773,177
"27053103400",3194,1127,1361,1073,502,258
"27053103600",2193,1268,189,602,926,476
"27053103700",3370,1816,271,2223,600,276
"27053103900",2882,963,28,2704,112,38
"27053104000",7453,2454,856,5318,1044,235
"27053104100",3826,1423,904,1642,942,338
"27053104400",2328,1149,122,1213,904,89
"27053104800",8576,3149,1699,4879,1326,672
"27053104900",10976,1838,579,9744,526,127
"27053105100",2798,1272,549,596,1228,425
"27053105201",3009,2080,186,1483,728,612
"27053105204",2680,1841,335,1270,759,316
"27053105400",3555,1772,186,2401,877,91
"27053105500",3854,2364,409,1537,1309,599
"27053105600",4161,3014,237,2616,983,325
"27053105700",2802,2069,132,1730,805,135
"27053106000",3008,1270,825,1156,783,244
"27053106200",3707,1801,789,1760,928,230
"27053106400",1799,1006,238,635,583,343
"27053106500",4372,2210,494,1600,1476,802
"27053106600",2465,1170,282,1150,684,349
"27053106700",4475,2734,122,3019,1007,327
"27053106900",2726,1290,312,1716,592,106
"27053107000",4289,1935,871,2203,1056,159
"27053107400",1651,739,389,633,476,153
"27053107500",1870,862,283,701,693,193
"27053107600",3621,1631,777,935,1485,424
"27053108000",3348,1965,206,2077,786,279
"27053108600",3021,1033,821,1268,789,143
"27053108700",3600,1430,827,1120,1196,457
"27053108800",3434,1700,534,1268,1300,332
"27053108900",2265,985,394,685,908,278
"27053109000",1709,798,301,386,805,217
"27053109100",4819,2666,577,2366,1403,473
"27053109200",3498,1908,268,1908,689,633
"27053109300",3831,1879,440,1856,1257,278
"27053109400",2360,607,750,1051,469,90
"27053109700",2414,902,631,837,800,146
"27053109800",4309,1746,1068,1222,1540,479
"27053109900",3785,1722,655,1403,1359,368
"27053110000",1977,576,573,803,513,88
"27053110100",2842,1227,667,976,995,204
"27053110200",3329,1466,562,1191,1200,376
"27053110400",3108,1318,663,1206,1038,201
"27053110500",4864,2136,851,1603,1555,855
"27053110800",4666,1902,1056,1927,1365,318
"27053110900",3411,1401,747,1228,1091,345
"27053111100",3158,1454,557,1122,1099,380
"27053111200",3129,1343,808,650,1343,328
"27053111300",4914,1919,1349,1035,1987,543
"27053111400",4058,1491,1205,811,1550,492
"27053111500",5231,2159,1233,1452,1917,629
"27053111600",3327,1279,701,899,1350,377
"27053122500",3520,1608,691,1543,912,374
"27053122600",2287,1022,414,935,690,248
"27053125500",3650,1648,789,985,1214,662
"27053125600",3039,1197,360,1540,753,386
"27053125700",4044,1062,1454,1366,988,236
"27053125800",5196,1570,1612,2009,1313,262
"27053125900",4743,1210,1699,1928,763,353
"27053126000",5190,2090,1657,1621,1198,714
"27053126100",6741,3182,479,3490,2039,733
"27053126200",5072,2864,803,2773,1339,157
"27053980000",291,159,76,94,98,23
"27055020100",5757,2462,1285,1455,2021,996
"27055020200",3529,1519,679,680,1566,604
"27055020300",2629,1083,592,555,924,558
"27055020500",3143,1359,687,696,1091,669
"27055020900",3733,1566,794,820,1234,885
"27057070100",4517,1796,1062,1027,1715,713
"27057070200",2344,1085,358,295,863,828
"27057070300",2102,915,407,348,769,578
"27057070400",2844,1241,550,474,1110,710
"27057070500",2924,1214,665,544,1109,606
"27057070600",3698,1558,989,957,946,806
"27057070700",2211,932,446,338,828,599
"27059130100",3579,1295,884,751,1443,501
"27059130200",3462,1390,851,949,1138,524
"27059130301",9007,3313,2550,2512,2651,1294
"27059130302",2760,1054,565,512,902,781
"27059130400",4003,1427,982,927,1584,510
"27059130501",5501,1920,1214,1262,2272,753
"27059130502",6437,2636,1643,2337,1950,507
"27059130600",3712,1368,759,773,1504,676
"27061480100",2584,1164,465,417,895,807
"27061480300",4461,1782,1037,823,1600,1001
"27061480400",3804,1633,665,623,1459,1057
"27061480500",2548,1125,519,692,881,456
"27061480600",2751,1144,575,523,1105,548
"27061480700",5040,2050,1079,1225,1821,915
"27061480801",2628,1066,457,478,1081,612
"27061480802",6161,2777,1294,1552,1802,1513
"27061480900",7000,2865,1705,1689,2410,1196
"27061481000",5806,2508,1287,1423,2127,969
"27061940000",2573,1012,556,633,943,441
"27063480100",2362,979,552,501,847,462
"27063480200",2235,937,525,472,816,422
"27063480300",2275,957,538,606,674,457
"27063480400",3291,1462,651,804,1130,706
"27065480100",3357,1388,656,675,1349,677
"27065480200",3713,1480,831,811,1448,623
"27065480300",3893,1509,917,967,1100,909
"27065480400",4955,1913,1091,1177,1923,764
"27067770900",3075,1243,775,1011,774,515
"27067780100",2504,1055,449,500,1037,518
"27067780200",2290,943,402,440,891,557
"27067780300",4196,1688,918,888,1518,872
"27067780400",3840,1521,882,942,1274,742
"27067780500",4666,1792,1351,1552,1260,503
"27067780600",4815,1777,1252,1037,1744,782
"27067780700",3800,1544,808,1015,1213,764
"27067780800",2325,844,587,773,755,210
"27067781000",5333,2092,1380,1667,1321,965
"27067781100",2804,1142,632,775,964,433
"27067781200",2862,1096,723,680,997,462
"27069090100",2455,1060,536,464,878,577
"27069090200",1981,853,422,411,689,459
"27071790100",2106,941,402,486,802,416
"27071790200",5280,2336,1104,1275,1836,1065
"27071790300",3169,1389,532,489,1292,856
"27071790500",2375,1066,474,369,1058,474
"27073180100",2224,1035,383,436,763,642
"27073180200",1702,766,353,272,697,380
"27073180300",2990,1310,652,602,1044,692
"27075370100",4676,2269,800,799,1960,1117
"27075370300",2190,1089,368,306,799,717
"27075370400",3855,1849,794,1104,1144,813
"27075990100",0,0,0,0,0,0
"27077460300",1636,661,361,403,533,339
"27077460400",2265,890,359,373,1021,512
"27079950100",6831,2399,1923,1574,2504,830
"27079950200",4450,1850,1034,1226,1356,834
"27079950300",4453,1771,1029,1212,1575,637
"27079950400",3801,1587,775,745,1473,808
"27079950500",4240,1633,1147,1116,1328,649
"27079950600",3875,1565,828,788,1607,652
"27081201001",3004,1332,601,613,1016,774
"27081201002",2789,1145,700,559,855,675
"27083360100",3832,1467,1084,853,1281,614
"27083360200",3207,1201,818,732,1236,421
"27083360300",4942,2025,1251,1677,1490,524
"27083360400",4067,1725,988,1095,1269,715
"27083360500",4648,1618,987,2325,871,465
"27083360600",2805,1146,657,654,1012,482
"27083360700",2169,890,559,583,591,436
"27085950100",5412,2168,1388,1319,1897,808
"27085950200",4144,1578,935,923,1671,615
"27085950300",5564,2718,1124,1490,1645,1305
"27085950400",7618,3039,1674,2592,2229,1123
"27085950500",2786,1150,654,514,1143,475
"27085950600",4697,1798,1239,1024,1755,679
"27085950700",5705,2329,1543,1408,1447,1307
"27087940100",3012,1130,885,730,863,534
"27087940300",2468,847,804,505,770,389
"27089080100",2218,973,483,438,820,477
"27089080200",2277,961,551,560,803,363
"27089080300",2304,964,540,519,741,504
"27089080400",2607,1093,598,668,819,522
"27091790100",2942,1255,615,667,1004,656
"27091790200",2589,1060,616,586,887,500
"27091790300",2406,971,599,525,830,452
"27091790400",1861,780,387,388,735,351
"27091790500",6084,2818,1154,1292,1929,1709
"27091790600",4311,1893,1024,1025,1537,725
"27093560100",5049,1872,1303,1214,1715,817
"27093560200",4930,1957,1157,1065,1751,957
"27093560300",3772,1522,976,913,1091,792
"27093560400",3142,1256,718,761,1106,557
"27093560500",3222,1316,777,709,1210,526
"27093560600",2979,1196,748,680,1020,531
"27095170400",5442,1881,1492,1471,1869,610
"27095170500",4360,1687,1117,1160,1201,882
"27095170600",2940,1049,631,770,1118,421
"27095170700",5540,2323,1421,1463,1564,1092
"27095970100",2075,950,314,366,758,637
"27095970200",2917,1094,789,707,895,526
"27095970300",2514,1028,484,562,1005,463
"27097780100",2952,1272,605,637,1044,666
"27097780200",3960,1570,898,931,1517,614
"27097780300",6159,2366,1539,1589,2172,859
"27097780400",2628,983,665,542,959,462
"27097780500",4971,1880,1344,1308,1551,768
"27097780600",5440,2511,1021,1345,1704,1370
"27097780700",2453,1062,546,754,749,404
"27097780800",4287,1631,1145,1067,1465,610
"27099000100",1968,822,467,360,615,526
"27099000200",2731,1122,589,634,899,609
"27099000300",4804,1936,1153,1670,1441,540
"27099000410",4540,1880,1121,1586,1139,694
"27099000600",3226,1256,940,682,867,737
"27099000800",3896,1491,1020,1181,1082,613
"27099000900",4557,1611,1233,1065,1493,766
"27099001000",3790,1499,876,866,1360,688
"27099001200",2000,777,411,458,813,318
"27099001300",4375,1761,1057,876,1451,991
"27099001400",3361,1259,917,754,1175,515
"27101900100",2032,864,428,320,794,490
"27101900200",3233,1373,727,747,1027,732
"27101900300",3198,1478,630,684,1058,826
"27103480100",3295,1319,786,718,1269,522
"27103480200",5583,2180,1310,1230,2038,1005
"27103480300",4713,1845,1164,1550,1342,657
"27103480400",6180,1467,877,3545,1195,563
"27103480501",6602,2852,1445,1749,2395,1013
"27103480502",3307,1293,948,763,1245,351
"27103480600",3546,1603,855,1158,996,537
"27105105100",2793,1149,600,592,1087,514
"27105105200",3180,1329,736,798,1070,576
"27105105300",2444,957,559,557,813,515
"27105105400",4807,1358,1720,1623,1044,420
"27105105500",3712,1324,1014,1432,957,309
"27105105600",4793,1773,1150,1159,1476,1008
"27107960100",2589,1059,584,510,873,622
"27107960200",1875,761,407,406,675,387
"27107960300",2174,876,536,468,732,438
"27109000100",1577,1028,54,382,410,731
"27109000200",5072,1984,1256,1800,1558,458
"27109000300",3030,1297,567,1176,886,401
"27109000400",3328,1507,692,1039,999,598
"27109000500",3179,1372,600,1716,687,176
"27109000600",4796,1981,940,1536,1241,1079
"27109000901",5910,1944,1871,1802,1754,483
"27109000902",3656,1314,927,1033,1113,583
"27109000903",3129,1234,639,733,1342,415
"27109001000",4673,1958,1083,1311,1533,746
"27109001100",2967,1333,478,786,1089,614
"27109001201",4582,1900,1107,912,1716,847
"27109001202",3613,1434,1057,863,1149,544
"27109001203",5397,1869,1599,848,2233,717
"27109001301",4767,2049,1021,2090,1083,573
"27109001302",4597,1710,1099,1325,1517,656
"27109001401",4339,2074,986,1727,850,776
"27109001402",11820,4228,3794,3903,3211,912
"27109001501",3187,1210,794,1000,935,458
"27109001502",2547,1066,609,731,729,478
"27109001503",2250,929,475,688,716,371
"27109001601",4272,1818,849,1240,1506,677
"27109001602",3105,1193,632,821,1228,424
"27109001603",3645,1442,794,636,1555,660
"27109001701",4394,1548,1052,1915,990,437
"27109001702",4935,2054,1207,1919,1294,515
"27109001703",5314,2060,1252,1513,1775,774
"27109001800",5057,1701,1624,1467,1556,410
"27109001900",7135,2723,1840,1422,2873,1000
"27109002000",6870,2567,1889,1673,2392,916
"27109002100",6400,2468,2050,1435,2095,820
"27109002200",3998,1530,929,824,1520,725
"27109002300",6563,2167,1455,1610,2516,982
"27111960102",2578,997,606,454,1010,508
"27111960103",2145,950,335,346,895,569
"27111960300",3349,1270,866,727,1216,540
"27111960400",2201,946,345,272,928,656
"27111960500",5057,2164,1234,1094,1750,979
"27111960600",4515,1765,1121,1147,1419,828
"27111960700",2487,1027,483,410,998,596
"27111960800",3143,1237,713,502,1289,639
"27111960900",6048,2586,1142,2096,1674,1136
"27111961000",4374,2095,818,1040,1349,1167
"27111961100",4412,1748,1037,1006,1524,845
"27111961200",2452,1080,485,415,776,776
"27111961300",3954,1610,947,809,1261,937
"27111961400",2401,1039,445,386,873,697
"27111961500",3117,1276,665,642,1015,795
"27111961600",2269,967,428,389,864,588
"27111961700",3192,1205,733,548,1291,620
"27113090100",2372,832,688,520,813,351
"27113090200",2776,1206,704,888,807,377
"27113090300",1949,731,497,399,790,263
"27113090400",3069,1392,543,978,935,613
"27113090500",3990,1762,843,1097,1294,756
"27115950100",2232,952,395,386,865,586
"27115950200",2882,1044,663,726,1004,489
"27115950300",2844,1138,617,632,1090,505
"27115950400",4940,1494,934,1437,1857,712
"27115950500",4799,1972,1106,1144,1726,823
"27115950600",4482,1607,1082,1031,1708,661
"27115950700",3642,1548,626,937,1137,942
"27115950800",3246,1238,582,814,1244,606
"27117460100",1495,628,371,323,541,260
"27117460200",1941,850,561,505,505,370
"27117460300",2211,1024,452,606,735,418
"27117460400",1664,698,416,292,621,335
"27117460500",1974,798,485,375,616,498
"27119020100",4574,1921,1346,1451,1232,545
"27119020200",1328,640,154,616,353,205
"27119020300",2945,1044,830,699,974,442
"27119020400",2065,822,419,475,791,380
"27119020500",2807,1127,680,662,1030,435
"27119020600",5659,2086,1141,2211,1446,861
"27119020700",2437,910,605,688,777,367
"27119020800",2415,966,599,538,808,470
"27119020900",3810,1560,863,685,1377,885
"27119021000",3510,1532,793,761,1156,800
"27121970100",2304,999,532,439,817,516
"27121970200",2921,1208,669,734,945,573
"27121970300",2445,1038,466,507,853,619
"27121970400",3305,1570,657,731,1091,826
"27123030100",4914,1796,926,2065,1246,677
"27123030201",5427,2213,1045,1823,1660,899
"27123030202",2171,1078,259,1370,393,149
"27123030300",5573,2293,1160,1486,2144,783
"27123030400",6745,2461,1961,2749,1612,423
"27123030500",5937,1764,2349,1892,1300,396
"27123030601",6064,1819,1951,2395,1442,276
"27123030602",4107,1459,1205,1349,1260,293
"27123030702",5213,1769,1491,1883,1339,500
"27123030703",3912,1286,1078,1382,1019,433
"27123030704",4310,1471,1497,1472,1095,246
"27123030800",5267,1677,1587,1854,1453,373
"27123030900",3994,1036,1290,1611,865,228
"27123031000",4344,1301,1481,1536,1049,278
"27123031100",4044,1356,1276,1325,1094,349
"27123031200",2940,1259,610,1099,892,339
"27123031300",2429,807,859,800,665,105
"27123031400",3073,1053,959,1242,760,112
"27123031500",2803,809,954,1103,595,151
"27123031600",4368,1195,1568,1462,995,343
"27123031701",2937,754,901,1206,694,136
"27123031702",6175,2009,2169,2208,1431,367
"27123031801",4956,1633,1538,1894,1294,230
"27123031802",4001,1526,1241,1352,1128,280
"27123031900",2145,1069,159,1350,505,131
"27123032000",3382,1260,716,1383,1080,203
"27123032100",3359,1140,577,1970,654,158
"27123032200",2479,1069,481,878,849,271
"27123032300",3298,1206,774,1215,1155,154
"27123032400",2830,1054,754,1069,792,215
"27123032500",4070,1194,1334,1527,969,240
"27123032600",3666,1008,1310,1285,810,261
"27123032700",2747,790,952,890,695,210
"27123033000",1859,479,297,764,678,120
"27123033100",1577,502,486,477,483,131
"27123033200",3122,1414,423,1480,672,547
"27123033300",3233,1336,398,1643,954,238
"27123033400",2993,1302,514,1735,543,201
"27123033500",3937,1155,1317,1482,864,274
"27123033600",1639,612,702,470,371,96
"27123033700",1484,692,315,446,493,230
"27123033800",2255,613,682,976,429,168
"27123033900",1628,600,522,515,429,162
"27123034000",1762,889,299,786,468,209
"27123034201",2161,1437,106,1214,660,181
"27123034202",5573,3618,354,2348,2065,806
"27123034400",2133,758,658,623,761,91
"27123034500",4213,1326,1485,1342,1234,152
"27123034601",4986,1740,1359,1677,1377,573
"27123034602",4518,1427,1412,1554,1219,333
"27123034701",4808,1583,1540,1681,1258,329
"27123034702",3868,1451,980,1474,1122,292
"27123034900",3566,1210,499,2052,732,283
"27123035000",2807,1055,656,984,922,245
"27123035100",3662,964,473,2205,732,252
"27123035200",3307,1472,589,1391,966,361
"27123035300",3938,1769,762,1575,1242,359
"27123035500",2166,1261,235,1032,669,230
"27123035700",2613,1061,692,635,1007,279
"27123035800",2888,1627,285,1144,938,521
"27123035900",660,430,87,244,204,125
"27123036000",2370,1198,360,817,865,328
"27123036100",1705,488,508,630,433,134
"27123036300",3646,1365,802,1239,1072,533
"27123036400",3791,1622,846,976,1431,538
"27123036500",3693,1711,804,1058,1402,429
"27123036600",4136,1898,843,1005,1614,674
"27123036700",4664,2025,962,1533,1479,690
"27123036800",2420,948,503,920,811,186
"27123036900",1952,911,364,650,598,340
"27123037000",2852,1121,622,777,1138,315
"27123037100",5068,1829,1441,1488,1402,737
"27123037200",6064,2080,2002,1945,1744,373
"27123037402",4176,1675,995,1534,1056,591
"27123037403",6497,2307,1874,2012,1940,671
"27123037500",5104,2127,1239,1130,2032,703
"27123037601",4028,1895,701,1317,1416,594
"27123037602",5469,2619,1081,2435,1209,744
"27123040100",6890,2717,1439,1515,2900,1036
"27123040200",1969,949,340,300,849,480
"27123040301",2011,712,493,502,705,311
"27123040302",5299,2066,1313,1547,1702,737
"27123040401",3498,1496,623,1012,1235,628
"27123040402",5200,2184,1225,1228,1676,1071
"27123040502",2885,1091,655,626,885,719
"27123040503",3627,1599,683,1042,1278,624
"27123040504",4229,1696,1104,1344,1294,487
"27123040601",5612,2222,994,864,2062,1692
"27123040603",5477,2326,1074,1041,2429,933
"27123040604",7645,3332,1716,2015,2709,1205
"27123040703",7216,3064,1430,1590,2720,1476
"27123040704",5464,2404,1179,1640,1852,793
"27123040705",4218,1846,880,1023,1598,717
"27123040706",4852,1975,1072,931,2177,672
"27123040707",4411,1747,990,855,1808,758
"27123040801",3382,1291,739,733,1271,639
"27123040802",1894,0,18,1876,0,0
"27123040803",4850,1825,947,1141,1553,1209
"27123040901",2238,787,533,678,716,311
"27123040902",4072,1561,1088,1379,1281,324
"27123041001",3430,1302,685,1008,1150,587
"27123041002",3216,1312,789,878,967,582
"27123041103",3308,1554,566,1253,785,704
"27123041104",2991,1256,606,590,1002,793
"27123041105",5488,2163,1086,1316,2003,1083
"27123041106",3485,1379,837,912,1175,561
"27123041107",6035,2593,1452,2035,1685,863
"27123041200",4234,1648,1152,1313,1117,652
"27123041301",3920,1671,745,1125,1217,833
"27123041302",4095,1545,474,1901,786,934
"27123041400",6043,2505,1140,2178,1549,1176
"27123041500",4682,1985,830,1135,1314,1403
"27123041601",6071,2574,1188,1674,2073,1136
"27123041602",3843,1666,903,1297,1029,614
"27123041700",2934,1335,617,581,1115,621
"27123041800",3666,1542,659,1249,1182,576
"27123041900",3411,1426,692,990,1135,594
"27123042001",2123,768,249,1402,238,234
"27123042002",2472,1205,337,1116,640,379
"27123042101",5760,2829,943,1848,1852,1117
"27123042102",4423,1649,1093,1125,1608,597
"27123042201",1430,532,365,419,409,237
"27123042202",5511,1855,1637,1446,1707,721
"27123042301",2922,1169,557,675,1116,574
"27123042302",4777,1807,1108,1386,1629,654
"27123042401",6419,2685,1347,1893,1845,1334
"27123042402",5926,2240,1162,1811,1916,1037
"27123042501",5438,2274,1183,1621,1816,818
"27123042503",3209,1099,751,661,1491,306
"27123042504",4065,1498,724,1345,1378,618
"27123042601",4845,1800,1162,1502,1547,634
"27123042602",2253,973,463,640,799,351
"27123042700",5004,2027,906,1563,1828,707
"27123042800",2327,888,799,736,596,196
"27123042900",3886,1723,749,1487,1281,369
"27123043000",6276,2744,1203,1836,2173,1064
"27123980000",0,0,0,0,0,0
"27125010100",1918,784,482,468,630,338
"27125010200",2124,892,512,487,706,419
"27127750100",2737,1043,732,680,847,478
"27127750200",3131,1375,728,591,1024,788
"27127750300",2240,839,495,556,773,416
"27127750400",2880,1178,639,589,1012,640
"27127750500",2794,1090,775,693,850,476
"27127750600",1796,737,438,351,557,450
"27129790100",2814,1104,694,547,1008,565
"27129790200",1766,767,361,375,679,351
"27129790300",1891,760,473,404,665,349
"27129790400",2657,1078,602,726,786,543
"27129790500",3239,1342,772,800,1071,596
"27129790600",2628,1137,458,526,992,652
"27131070100",6909,2396,2075,1908,2206,720
"27131070200",5471,2015,1302,982,2294,893
"27131070300",4504,1851,932,873,1882,817
"27131070400",4447,1683,968,927,1855,697
"27131070501",4462,1000,533,2550,979,400
"27131070503",3046,1232,835,561,1161,489
"27131070504",3914,1738,953,1162,1298,501
"27131070601",3621,1438,792,792,1303,734
"27131070602",5065,845,441,3589,553,482
"27131070700",7346,1884,1255,3044,2182,865
"27131070800",7501,3025,1798,1754,2776,1173
"27131070901",5002,2151,1218,1512,1381,891
"27131070902",3828,1396,1352,1113,883,480
"27133570100",2430,979,613,581,829,407
"27133570200",3607,1506,920,715,1102,870
"27133570300",3517,1447,875,896,1073,673
"27135970100",4212,1616,1168,963,1514,567
"27135970200",2249,907,582,545,788,334
"27135970300",3791,1522,891,919,1341,640
"27135970400",3450,1354,809,808,1330,503
"27135970500",1907,707,443,467,600,397
"27137000100",4494,1778,1068,1237,1548,641
"27137000200",4251,1746,953,1053,1568,677
"27137000300",7596,3138,1201,2345,2125,1925
"27137000400",5511,1794,675,2600,1339,897
"27137000500",3162,1224,593,920,1115,534
"27137000600",4976,2094,1016,1421,1697,842
"27137000700",2923,1093,775,541,1146,461
"27137000900",3691,1601,654,1522,1137,378
"27137001000",2438,827,377,1342,527,192
"27137001100",1225,496,218,545,300,162
"27137001200",1631,724,221,1023,301,86
"27137001300",1950,833,246,1182,426,96
"27137001400",2833,1220,390,1815,482,146
"27137001600",1468,737,243,690,461,74
"27137001700",1378,864,164,658,256,300
"27137001800",1853,833,456,773,463,161
"27137001900",1604,1255,27,494,705,378
"27137002000",1310,620,226,697,296,91
"27137002200",1171,561,96,152,414,509
"27137002300",4178,1713,775,1110,1481,812
"27137002400",1000,462,181,391,338,90
"27137002600",1981,827,534,698,561,188
"27137002900",1644,763,312,475,515,342
"27137003000",1427,603,304,419,525,179
"27137003300",2595,1009,713,913,690,279
"27137003400",1562,690,354,444,531,233
"27137003600",1718,712,374,445,605,294
"27137003700",2001,851,442,739,574,246
"27137003800",2904,1323,603,633,1196,472
"27137010100",2773,1131,540,723,985,525
"27137010200",1629,690,310,382,596,341
"27137010300",8951,3474,2075,2262,3153,1461
"27137010400",3465,1390,774,763,1443,485
"27137010500",3907,1427,1023,776,1467,641
"27137010600",6314,2542,1308,1186,2770,1050
"27137011100",7031,2735,1466,1609,2961,995
"27137011200",3265,1317,672,746,1286,561
"27137011300",2055,922,342,368,914,431
"27137011400",3287,1557,365,507,1587,828
"27137012100",4740,2009,1080,1030,1855,775
"27137012200",2043,794,554,573,669,247
"27137012300",2443,1151,529,586,851,477
"27137012400",4440,1975,1167,1086,1125,1062
"27137012500",2613,1282,576,664,936,437
"27137012600",4996,2022,1225,1236,1654,881
"27137012700",2423,1071,462,527,939,495
"27137012800",2921,1340,629,723,1021,548
"27137013000",2225,1192,288,539,829,569
"27137013100",2571,1152,694,808,827,242
"27137013200",3798,1736,789,1015,1239,755
"27137013300",3685,1642,825,1123,1013,724
"27137013400",2967,1261,544,583,1253,587
"27137013500",1734,823,332,416,705,281
"27137013600",1851,865,341,388,679,443
"27137013800",1714,762,360,399,543,412
"27137013900",2236,962,396,439,984,417
"27137014000",2080,920,366,423,785,506
"27137014100",1582,767,272,378,514,418
"27137015100",2694,1249,426,381,1268,619
"27137015200",3431,1607,600,631,1482,718
"27137015300",3441,1629,580,961,1185,715
"27137015400",3319,1631,431,551,1393,944
"27137015500",3762,1766,532,675,1396,1159
"27137015600",2692,1255,710,1030,774,178
"27137015700",5152,817,172,4249,365,366
"27137015800",3648,1803,594,1119,1259,676
"27137990100",0,0,0,0,0,0
"27139080100",2262,884,538,808,572,344
"27139080201",2597,909,705,695,909,288
"27139080202",4878,1514,1720,936,1964,258
"27139080203",8089,2691,2057,2535,3132,365
"27139080204",3217,1322,876,937,1137,267
"27139080205",8356,2647,2508,2025,3182,641
"27139080301",11742,3871,3626,3906,3497,713
"27139080302",15269,4871,5111,5074,4235,849
"27139080400",3840,1393,924,1224,1326,366
"27139080500",2781,820,411,1000,843,527
"27139080600",4564,1555,1314,1520,1287,443
"27139080700",3402,988,1072,1057,1066,207
"27139080800",8449,2924,2500,2307,2852,790
"27139080903",8011,2785,2322,1888,2856,945
"27139080904",7734,3006,2304,1835,2639,956
"27139080905",5228,1763,1506,1050,2232,440
"27139080906",4911,1790,1267,1116,1918,610
"27139081000",8315,2825,2088,1704,3365,1158
"27139081100",10982,3633,3116,2840,4081,945
"27139081200",6297,2193,1737,1571,2190,799
"27139081300",8566,2770,2406,2461,2673,1026
"27141030101",11325,3736,3685,3304,3596,740
"27141030102",7783,2583,2100,2046,2777,860
"27141030200",7400,2407,2017,1877,2890,616
"27141030300",6212,2264,1338,1230,2609,1035
"27141030402",9802,3350,2633,2930,3234,1005
"27141030403",9186,2799,2663,2942,3007,574
"27141030404",8908,3016,2628,2463,3213,604
"27141030502",11446,4327,3423,3023,3918,1082
"27141030503",6491,2136,1694,2087,1876,834
"27141030504",5323,1732,1349,1462,1931,581
"27141031500",7312,2431,1439,3251,1469,1153
"27143170198",4339,1711,1066,1010,1626,637
"27143170200",3754,1441,1001,909,1170,674
"27143170300",3102,1345,685,635,1121,661
"27143170400",3762,1512,895,933,1286,648
"27145000301",3635,1413,641,1870,829,295
"27145000302",7990,2477,1398,5157,1070,365
"27145000401",5503,2410,1171,2356,1425,551
"27145000402",5003,1722,1296,1056,2105,546
"27145000500",7331,3560,1448,2742,1645,1496
"27145000601",3689,1389,969,1348,988,384
"27145000602",2716,1109,547,1106,776,287
"27145000701",2718,1150,596,762,908,452
"27145000801",3212,1441,632,1332,845,403
"27145000901",4766,2211,1034,1564,1502,666
"27145001001",8205,3352,1657,2342,2827,1379
"27145010101",6994,2445,2203,1730,2598,463
"27145010102",8868,3411,2672,3218,2178,800
"27145010200",5831,2234,1328,1292,2401,810
"27145010401",3970,1451,920,1135,1391,524
"27145010402",4039,1547,1031,1022,1224,762
"27145010403",3108,1132,830,801,1060,417
"27145010500",4092,1518,1118,1041,1354,579
"27145010600",3921,1467,1080,823,1243,775
"27145010900",3634,1422,919,798,1172,745
"27145011000",4029,1744,825,921,1373,910
"27145011100",7298,2733,1913,1667,2492,1226
"27145011200",6474,2465,1481,1399,2662,932
"27145011301",8120,2265,1514,4469,1371,766
"27145011302",7010,2727,1798,1590,2341,1281
"27145011304",6348,1871,1037,2444,2005,862
"27145011400",5409,2050,1371,1754,1768,516
"27145011500",6336,2513,1659,1586,1911,1180
"27145011600",3412,466,83,3000,231,98
"27147960100",4757,1664,1457,1163,1507,630
"27147960200",6137,2410,1459,1269,2541,868
"27147960300",6264,2487,1588,1660,2124,892
"27147960400",4169,1759,1030,1519,1127,493
"27147960500",2744,1008,619,622,1056,447
"27147960600",3864,1670,923,1015,1091,835
"27147960700",4997,1928,1295,1111,1706,885
"27147960800",3609,1428,930,846,1099,734
"27149480100",2415,886,554,532,813,516
"27149480200",4278,1559,778,1939,864,697
"27149480300",3069,1122,719,1014,904,432
"27151960100",2373,968,575,598,790,410
"27151960200",3192,1485,735,800,933,724
"27151960300",1658,664,357,382,647,272
"27151960400",2260,1060,434,493,737,596
"27153790100",3183,1456,718,816,1090,559
"27153790200",2669,988,755,615,859,440
"27153790300",3179,1253,825,782,948,624
"27153790400",3424,1354,779,790,1213,642
"27153790500",2496,993,579,514,941,462
"27153790600",3783,1548,981,971,1082,749
"27153790700",3902,1527,903,880,1349,770
"27153790800",1699,747,310,255,706,428
"27155460100",2117,974,461,417,666,573
"27155460200",1280,570,234,292,434,320
"27157490100",2862,1341,469,565,977,851
"27157490200",3240,1402,654,610,1322,654
"27157490300",4045,1869,706,1094,1345,900
"27157490400",4374,1719,1035,881,1807,651
"27157490500",3404,1317,912,861,1175,456
"27157490600",3402,1356,992,972,939,499
"27159480100",3353,1356,912,691,1066,684
"27159480200",5481,2136,1308,1071,1895,1207
"27159480300",4921,2165,1143,1349,1310,1119
"27161790100",3655,1374,955,1022,1068,610
"27161790200",2562,1033,605,544,910,503
"27161790300",2865,1133,635,557,1141,532
"27161790400",5632,2410,1318,1604,1803,907
"27161790500",4320,1379,923,1519,1355,523
"27163070103",5050,2050,1431,1641,1457,521
"27163070104",3175,1177,745,935,1031,464
"27163070105",4183,1515,1015,910,1618,640
"27163070106",6800,2348,1816,1668,2492,824
"27163070203",8328,3059,2200,2917,2528,683
"27163070204",5895,2126,1552,1484,2322,537
"27163070205",4029,1428,873,744,1715,697
"27163070206",3603,1405,636,521,1801,645
"27163070301",1721,621,367,282,745,327
"27163070303",5043,1907,1236,939,2028,840
"27163070304",4857,1815,1299,991,1863,704
"27163070403",3945,1495,723,551,1739,932
"27163070404",3591,1287,972,713,1459,447
"27163070405",4703,1544,1362,768,1925,648
"27163070406",3742,1394,824,960,1504,454
"27163070501",3394,1228,809,635,1408,542
"27163070502",4465,1878,830,1042,1828,765
"27163070601",6153,2440,1812,1140,2212,989
"27163070602",3136,1262,831,887,1021,397
"27163070701",7026,2399,1584,1187,2741,1514
"27163070703",3393,1464,573,1068,1190,562
"27163070704",2085,945,470,499,690,426
"27163070801",1543,0,0,1064,419,60
"27163070802",418,0,0,252,157,9
"27163070906",5140,2033,1186,1085,2065,804
"27163070907",5266,2212,1255,1861,1596,554
"27163070909",5322,2046,1165,1330,2180,647
"27163070910",5189,2032,1086,1683,1539,881
"27163070911",4763,1946,1044,1345,1656,718
"27163070912",3069,1302,628,1035,962,444
"27163071001",4784,2099,1067,1739,1435,543
"27163071003",3459,1377,780,1021,1193,465
"27163071006",4588,1949,1000,1246,1643,699
"27163071010",5168,1914,1341,1296,2115,416
"27163071011",2972,1003,767,766,1193,246
"27163071012",5376,2298,1365,1856,1507,648
"27163071013",4986,1893,1135,1229,1572,1050
"27163071014",4228,1322,1269,933,1627,399
"27163071015",6591,2453,1763,1651,2368,809
"27163071016",4595,1453,1472,844,1881,398
"27163071017",7652,2864,2371,2002,2601,678
"27163071018",15759,5035,5122,4182,5267,1188
"27163071101",3598,1455,724,822,1501,551
"27163071102",4712,1815,884,805,2097,926
"27163071206",10782,3254,3681,3202,3046,853
"27163071207",6775,2327,1852,1566,2753,604
"27163071208",5074,1837,1216,1563,1551,744
"27163071209",5915,1876,1695,1565,2317,338
"27163071300",5352,1975,1304,1821,1687,540
"27163071400",7352,2725,1664,2130,2389,1169
"27165950100",3687,1430,871,1032,1085,699
"27165950200",4553,1890,1205,1288,1274,786
"27165950300",2756,1145,595,526,1008,627
"27167950100",3200,1290,670,680,1244,606
"27167950200",3279,1581,825,789,1066,599
"27169670100",7584,2815,1720,1901,2775,1188
"27169670200",3142,1428,481,1109,1007,545
"27169670300",6697,2049,971,3173,1509,1044
"27169670400",4757,1917,724,2182,1280,571
"27169670500",4883,1750,242,3380,804,457
"27169670600",4264,1564,628,1943,1112,581
"27169670700",3823,1774,665,1288,1227,643
"27169670800",7268,2899,1433,1662,2710,1463
"27169670900",3713,1298,1006,866,1324,517
"27169671000",5014,1584,1547,1466,1317,684
"27171100100",14530,4903,4570,4594,4351,1015
"27171100202",1382,474,313,283,657,129
"27171100203",5701,2252,1238,1931,1703,829
"27171100204",9377,3200,3043,2990,2535,809
"27171100300",5671,2101,1366,1480,2063,762
"27171100400",5108,2169,1002,1281,1923,902
"27171100500",4593,1764,951,963,1791,888
"27171100701",6172,2428,1523,1570,1751,1328
"27171100702",7723,2865,2196,2500,2301,726
"27171100703",9120,3022,2563,2109,3285,1163
"27171100801",13503,4178,4669,3803,4248,783
"27171100802",13882,4655,4540,3523,4593,1226
"27171100900",7531,2703,1927,2022,2739,843
"27171101000",8599,3062,2587,1750,3151,1111
"27171101100",7778,2764,2310,2479,2330,659
"27171101200",4115,1608,1038,952,1524,601
"27171101300",5137,1739,1619,1166,1606,746
"27173970100",3128,1301,706,694,1109,619
"27173970200",2406,1055,489,543,722,652
"27173970300",2436,1018,563,554,810,509
"27173970400",2068,800,572,572,676,248
"55093960100",2948,1150,744,731,945,528
"55093960200",6063,2322,1481,1511,2408,663
"55093960300",5565,1329,487,3889,797,392
"55093960400",5406,2185,980,2558,1367,501
"55093960500",7847,2899,2032,1701,2991,1123
"55093960600",4742,1923,1008,1008,2021,705
"55093960700",4732,1866,1165,1194,1757,616
"55093960800",3578,1427,760,787,1409,622
"55095960100",3601,1539,786,724,1331,760
"55095960200",3581,1551,690,754,1364,773
"55095960300",5457,2353,1096,1165,2128,1068
"55095960500",2844,1122,598,632,1104,510
"55095960600",2168,898,429,456,831,452
"55095960700",5936,2560,1443,1523,1961,1009
"55095960800",6171,2493,1552,1567,2293,759
"55095960900",5061,2009,1059,1038,2099,865
"55095961000",4850,2097,973,1027,1601,1249
"55095961100",3814,1566,936,932,1372,574
"55109120100",2019,851,547,553,728,191
"55109120201",5944,2435,1268,1465,2160,1051
"55109120202",5459,1690,1659,1199,2282,319
"55109120300",5497,2204,1197,1371,2210,719
"55109120400",10769,3760,3017,2533,4182,1037
"55109120501",5441,2110,1418,1737,1601,685
"55109120502",5245,2034,1505,1603,1565,572
"55109120600",8217,2920,2112,2339,2843,923
"55109120700",4737,1808,1181,1082,1737,737
"55109120800",8072,3242,2128,2127,2652,1165
"55109120901",4204,1756,1030,1119,1349,706
"55109120903",9705,3878,2352,2986,3024,1343
"55109120904",4072,1460,1074,850,1679,469
"55109121000",7345,2663,2121,2162,2390,672
